{"cameraMode":{"drawMode":0,"name":"Shaded","section":"Shading Mode"},"sceneLighting":false,"audioPlay":false,"sceneViewState":{"m_AlwaysRefresh":false,"showFog":true,"showSkybox":false,"showFlares":true,"showImageEffects":true,"showParticleSystems":true,"showVisualEffectGraphs":true,"m_FxEnabled":true},"in2DMode":false,"pivot":{"x":-0.060898710042238238,"y":-0.12241798639297486,"z":-0.17835848033428193},"rotation":{"x":-0.00245116394944489,"y":0.9893090724945068,"z":-0.14496971666812898,"w":-0.016925305128097535},"size":0.4167492389678955,"orthographic":false}