{"cameraMode":{"drawMode":0,"name":"Shaded","section":"Shading Mode"},"sceneLighting":false,"audioPlay":false,"sceneViewState":{"m_AlwaysRefresh":false,"showFog":true,"showSkybox":false,"showFlares":true,"showImageEffects":true,"showParticleSystems":true,"showVisualEffectGraphs":true,"m_FxEnabled":true},"in2DMode":false,"pivot":{"x":-0.28177517652511599,"y":0.8608145117759705,"z":-0.3317664861679077},"rotation":{"x":-0.000018817223462974653,"y":0.999979555606842,"z":-0.00330948899500072,"w":-0.005698991473764181},"size":2.994436740875244,"orthographic":false}